id,name,shop_link,image_url
1,크롭 스웨이드 자켓 (2 STYLE),https://www.musinsa.com/products/5614815,https://image.msscdn.net/images/goods_img/20251020/5614815/5614815_17616371126924_500.jpg
2,버튼 비건 레더 자켓 - 블랙,https://www.musinsa.com/products/3825932,https://image.msscdn.net/images/goods_img/20240126/3825932/3825932_17259501162852_500.jpg
3,FAKE LEATHER SINGLE JACKET [DARK BROWN],https://www.musinsa.com/products/5655077,https://image.msscdn.net/images/goods_img/20251028/5655077/5655077_17618846497122_500.jpg
4,ITALY LAMBSKIN A2 JACKET [BLACK],https://www.musinsa.com/products/5580420,https://image.msscdn.net/images/goods_img/20251013/5580420/5580420_17605750300157_500.jpg
5,ITALY LAMBSKIN SINGLE JACKET [BLACK],https://www.musinsa.com/products/5580375,https://image.msscdn.net/images/goods_img/20251013/5580375/5580375_17604191161295_500.jpg
6,워시드 레터링 자수 레더 자켓_블랙,https://www.musinsa.com/products/4340680,https://image.msscdn.net/images/goods_img/20240819/4340680/4340680_17254181997763_500.jpg
7,Faux Leather Fur Jacket Khaki,https://www.musinsa.com/products/5736089,https://image.msscdn.net/images/goods_img/20251114/5736089/5736089_17631007321504_500.png
8,비건 레더 투 포켓 블루종 자켓 [카키],https://www.musinsa.com/products/4729522,https://image.msscdn.net/images/goods_img/20250120/4729522/4729522_17386478294622_500.jpg
9,워시드 PU 레더 MA-1 (DARK BROWN),https://www.musinsa.com/products/3504445,https://image.msscdn.net/images/goods_img/20230828/3504445/3504445_16971714788403_500.jpg
10,페이크 레더 탑스티치 블루종  블랙,https://www.musinsa.com/products/4451596,https://image.msscdn.net/images/goods_img/20240923/4451596/4451596_17270600747458_500.jpg
11,아크 하이넥 레더 패딩 블루종 자켓,https://www.musinsa.com/products/5646629,https://image.msscdn.net/images/goods_img/20251027/5646629/5646629_17615413453063_500.jpg
12,램스킨 포켓 자켓 [브라운],https://www.musinsa.com/products/3828180,https://image.msscdn.net/images/goods_img/20240129/3828180/3828180_17103978076552_500.jpg
13,페이크 레더 버티컬 라인 점퍼  애쉬,https://www.musinsa.com/products/4812500,https://image.msscdn.net/images/goods_img/20250220/4812500/4812500_17400361714647_500.jpg
14,오버핏 미니멀 레이싱 바이커 블루종 레더 자켓 [브라운],https://www.musinsa.com/products/5398627,https://image.msscdn.net/images/goods_img/20250903/5398627/5398627_17580721772933_500.jpg
15,워시드 하이넥 비건레더 자켓 - 블랙,https://www.musinsa.com/products/5511407,https://image.msscdn.net/images/goods_img/20250923/5511407/5511407_17585930548083_500.jpg
16,페이크 레더 재킷  블랙 (214911BY45),https://www.musinsa.com/products/4393380,https://image.msscdn.net/images/goods_img/20240902/4393380/4393380_17252678739110_500.jpg
17,[해피가이정호 PICK] 퀼팅 파이어맨  레더 자켓_블랙,https://www.musinsa.com/products/5560435,https://image.msscdn.net/images/goods_img/20251001/5560435/5560435_17592997122790_500.jpg
18,신세틱 레더 카페 레이서 재킷 [블랙],https://www.musinsa.com/products/4671617,https://image.msscdn.net/images/goods_img/20241218/4671617/4671617_17375028396577_500.jpg
19,스웨이드 투웨이 집업 바이커 자켓 블랙,https://www.musinsa.com/products/4260954,https://image.msscdn.net/images/goods_img/20240719/4260954/4260954_17230160808613_500.jpg
20,신세틱 레더 하이넥 블루종 재킷 [블랙],https://www.musinsa.com/products/3435463,https://image.msscdn.net/images/goods_img/20230731/3435463/3435463_16982090210678_500.jpg
21,레더 스탠다드 바이커 자켓 [블랙],https://www.musinsa.com/products/5319918,https://image.msscdn.net/images/goods_img/20250813/5319918/5319918_17592004260480_500.jpg
22,8012 비건레더후드점퍼_블랙,https://www.musinsa.com/products/2311620,https://image.msscdn.net/images/goods_img/20220118/2311620/2311620_2_500.jpg
23,오버핏 램스킨 봄버 점퍼,https://www.musinsa.com/products/1576679,https://image.msscdn.net/images/goods_img/20200901/1576679/1576679_4_500.jpg
24,비건 스웨이드 바이커 자켓_3Color,https://www.musinsa.com/products/3927174,https://image.msscdn.net/images/goods_img/20240306/3927174/3927174_17568668915223_500.jpg
25,A-2 레더 블루종 자켓 [BROWN],https://www.musinsa.com/products/5363203,https://image.msscdn.net/images/goods_img/20250826/5363203/5363203_17588499118290_500.jpg
26,87-STAN009 [리뉴얼] 스탠다드 블루종 스웨이드 자켓 크랙 블랙,https://www.musinsa.com/products/5278132,https://image.msscdn.net/images/goods_img/20250729/5278132/5278132_17550710767084_500.jpg
27,비건 스웨이드 바이커 자켓_Dark Brown,https://www.musinsa.com/products/4399374,https://image.msscdn.net/images/goods_img/20240903/4399374/4399374_17567071786706_500.jpg
28,스톤 워시드 데님 레이서 재킷 [워시드 그레이],https://www.musinsa.com/products/4714975,https://image.msscdn.net/images/goods_img/20250113/4714975/4714975_17544590623157_500.jpg
29,[유튜버 PICK] 비건 레더 워크 자켓_블랙,https://www.musinsa.com/products/4679425,https://image.msscdn.net/images/goods_img/20241224/4679425/4679425_17574656817849_500.jpg
30,스웨이드 스탠다드 바이커 자켓 [블랙],https://www.musinsa.com/products/4457682,https://image.msscdn.net/images/goods_img/20240924/4457682/4457682_17531574061006_500.jpg
31,[아틀리에 에디션] 투웨이 비건 레더 자켓_BROWN(WC25-OT09),https://www.musinsa.com/products/5314028,https://image.msscdn.net/images/goods_img/20250812/5314028/5314028_17588624962801_500.jpg
32,신세틱 레더 패디드 블루종 자켓 블랙,https://www.musinsa.com/products/5496286,https://image.msscdn.net/images/goods_img/20250919/5496286/5496286_17582608510339_500.jpg
33,스웨이드 카코트 - 2 COLOR,https://www.musinsa.com/products/5532414,https://image.msscdn.net/images/goods_img/20250925/5532414/5532414_17611955645713_500.jpg
34,93 레이싱 바이커 레더 자켓_블랙,https://www.musinsa.com/products/4483306,https://image.msscdn.net/images/goods_img/20241002/4483306/4483306_17292304350755_500.jpg
35,DESTROYED COWHIDE LEATHER JACKET _ WASHED BLACK,https://www.musinsa.com/products/4369047,https://image.msscdn.net/images/goods_img/20240826/4369047/4369047_17247594980414_500.jpg
36,크레센트 스웨이드 자켓 [CHESTNUT BROWN],https://www.musinsa.com/products/4702365,https://image.msscdn.net/images/goods_img/20250107/4702365/4702365_17369182774600_500.jpg
37,465-3 비건레더 오버핏 빈티지자켓_브라운,https://www.musinsa.com/products/2290182,https://image.msscdn.net/images/goods_img/20220104/2290182/2290182_3_500.jpg
38,카키 누벅 바이커 피유 점퍼,https://www.musinsa.com/products/3460760,https://image.msscdn.net/images/goods_img/20230811/3460760/3460760_16917191804309_500.jpg
39,비건레더 오버핏 블루종 자켓 [블랙],https://www.musinsa.com/products/3826387,https://image.msscdn.net/images/goods_img/20240126/3826387/3826387_17488386801882_500.jpg
40,비건 스웨이드 오버핏 미니멀 인시전 스트레이트 집업 자켓 [브라운],https://www.musinsa.com/products/3551101,https://image.msscdn.net/images/goods_img/20230912/3551101/3551101_16970790961650_500.jpg
41,87-STAN176 미니멀 빈티지 더블 포켓 레더 자켓 블랙,https://www.musinsa.com/products/4709998,https://image.msscdn.net/images/goods_img/20250110/4709998/4709998_17551418693708_500.jpg
42,클래식 램스킨 자켓 [블랙],https://www.musinsa.com/products/1582065,https://image.msscdn.net/images/goods_img/20200903/1582065/1582065_17623130098815_500.jpg
43,워시드 티 코어 레더 싱글 자켓 BROWN,https://www.musinsa.com/products/5516708,https://image.msscdn.net/images/goods_img/20250923/5516708/5516708_17588700559923_500.jpg
44,신세틱 스웨이드 미니멀 웨스턴 재킷 [데저트 브라운],https://www.musinsa.com/products/4209356,https://image.msscdn.net/images/goods_img/20240620/4209356/4209356_17308601890108_500.jpg
45,2WAY 엘보우 패치 가죽 후드 자켓_블랙,https://www.musinsa.com/products/5276027,https://image.msscdn.net/images/goods_img/20250728/5276027/5276027_17545503997951_500.jpg
46,워싱 크롭 레더 자켓 - 브라운,https://www.musinsa.com/products/5338868,https://image.msscdn.net/images/goods_img/20250819/5338868/5338868_17609393905823_500.jpg
47,faux leather A-2 jacket brown,https://www.musinsa.com/products/5310787,https://image.msscdn.net/images/goods_img/20250811/5310787/5310787_17550753414290_500.jpg
48,빅토리 비건레더 오버핏 자켓,https://www.musinsa.com/products/5430946,https://image.msscdn.net/images/goods_img/20250909/5430946/5430946_17591998439991_500.jpg
49,어센틱 워시드 PU 레더 자켓_블랙,https://www.musinsa.com/products/3477452,https://image.msscdn.net/images/goods_img/20230818/3477452/3477452_17171351692119_500.png
50,레더 스탠다드 바이커 자켓 [브라운],https://www.musinsa.com/products/5319928,https://image.msscdn.net/images/goods_img/20250813/5319928/5319928_17592004456069_500.jpg
51,8020 비건레더 빈티지 오버핏자켓_블랙,https://www.musinsa.com/products/2290171,https://image.msscdn.net/images/goods_img/20220104/2290171/2290171_2_500.jpg
52,Flight Bomber Jacket (Faux Leather) Black,https://www.musinsa.com/products/4370035,https://image.msscdn.net/images/goods_img/20240826/4370035/4370035_17248961166658_500.jpg
53,페이턴트 신세틱 레더 트랙 재킷 [블랙],https://www.musinsa.com/products/3758332,https://image.msscdn.net/images/goods_img/20231215/3758332/3758332_17267110941499_500.jpg
54,벡터 하이넥 레더 자켓 BLACK,https://www.musinsa.com/products/5323490,https://image.msscdn.net/images/goods_img/20250814/5323490/5323490_17564527419062_500.jpg
55,웨이브 빈티지 심플 카라 레더 자켓 점퍼 [딥브라운],https://www.musinsa.com/products/3577504,https://image.msscdn.net/images/goods_img/20230920/3577504/3577504_17503836070793_500.jpg
56,고트 슈렁큰 레더 블루종 (블랙),https://www.musinsa.com/products/5286935,https://image.msscdn.net/images/goods_img/20250801/5286935/5286935_17575687964495_500.jpg
57,[고윤정 PICK] FAUX LEATHER PADDED JACKET black,https://www.musinsa.com/products/5346758,https://image.msscdn.net/images/goods_img/20250821/5346758/5346758_17569420584600_500.jpg
58,86-IRO086 [리뉴얼] 크루얼티프리 싱글 카라넥 레더 자켓 블랙,https://www.musinsa.com/products/2029419,https://image.msscdn.net/images/goods_img/20210714/2029419/2029419_17569493312057_500.jpg
59,쿼터 내츄럴 워시드 비건 레더 부클 자켓 차콜,https://www.musinsa.com/products/5416073,https://image.msscdn.net/images/goods_img/20250908/5416073/5416073_17573068628987_500.jpg
60,[이도현 PICK] 페이디드 신세틱 레더 드리즐러 재킷 [블랙],https://www.musinsa.com/products/5266738,https://image.msscdn.net/images/goods_img/20250723/5266738/5266738_17569541237093_500.jpg
61,Western Collar Leather Jacket (Black),https://www.musinsa.com/products/4798856,https://image.msscdn.net/images/goods_img/20250218/4798856/4798856_17405531503319_500.jpg
62,데이비슨 카우 하이드 레더 자켓 블랙,https://www.musinsa.com/products/4278939,https://image.msscdn.net/images/goods_img/20240729/4278939/4278939_17248209034771_500.jpg
63,오버핏 비건 레더 자켓 [블랙],https://www.musinsa.com/products/4299999,https://image.msscdn.net/images/goods_img/20240806/4299999/4299999_17531573067450_500.jpg
64,퀼팅 M51 필드 레더 자켓_블랙,https://www.musinsa.com/products/5560452,https://image.msscdn.net/images/goods_img/20251001/5560452/5560452_17592997831449_500.jpg
65,신세틱 레더 패디드 블루종 자켓 브라운,https://www.musinsa.com/products/5496285,https://image.msscdn.net/images/goods_img/20250919/5496285/5496285_17582608509998_500.jpg
66,레더 블루종 크롭 자켓  [블랙],https://www.musinsa.com/products/5425137,https://image.msscdn.net/images/goods_img/20250909/5425137/5425137_17618860003987_500.jpg
67,TEA-CORE LEATHER W.W. II 1ST JACKET_VINTAGE BLACK,https://www.musinsa.com/products/5392259,https://image.msscdn.net/images/goods_img/20250902/5392259/5392259_17628408307960_500.jpg
68,DESTROYED COWHIDE LEATHER JACKET _ WASHED BROWN,https://www.musinsa.com/products/4369048,https://image.msscdn.net/images/goods_img/20240826/4369048/4369048_17247594653321_500.jpg
69,숄더 인시전 포인트 빈티지 윈터 패디드 라이더 레더 자켓 [블랙],https://www.musinsa.com/products/5708293,https://image.msscdn.net/images/goods_img/20251110/5708293/5708293_17627582762142_500.jpg
70,글로우 빈티지 워싱 레더 자켓 (남녀공용),https://www.musinsa.com/products/4480784,https://image.msscdn.net/images/goods_img/20241002/4480784/4480784_17280244621291_500.jpg
71,풀업 스웨이드 버튼 해링턴 자켓 MOCHA,https://www.musinsa.com/products/5323511,https://image.msscdn.net/images/goods_img/20250814/5323511/5323511_17564522823222_500.jpg
72,[비건 레더] 필드 자켓 블랙,https://www.musinsa.com/products/1593755,https://image.msscdn.net/images/goods_img/20200909/1593755/1593755_1_500.jpg
73,25 FW 2버튼 크롭 자켓_스웨이드 (카키 브라운),https://www.musinsa.com/products/5328141,https://image.msscdn.net/images/goods_img/20250817/5328141/5328141_17582709392471_500.jpg
74,FAUX LEATHER DOWN JUMPER FOR MEN IN BLACK,https://www.musinsa.com/products/5610904,https://image.msscdn.net/images/goods_img/20251019/5610904/5610904_17608013257444_500.jpg
75,워싱 레더 하이넥 블루종 자켓 [BLACK]_SEJK024BLACK,https://www.musinsa.com/products/4764493,https://image.msscdn.net/images/goods_img/20250206/4764493/4764493_17416609851915_500.jpg
76,스웨이드 집업 블루종 자켓 [카멜],https://www.musinsa.com/products/5359892,https://image.msscdn.net/images/goods_img/20250825/5359892/5359892_17569655295178_500.jpg
77,페이디드 레더 자켓 - 워시드 블랙,https://www.musinsa.com/products/5371440,https://image.msscdn.net/images/goods_img/20250827/5371440/5371440_17564538711664_500.jpg
78,[차은우 PICK] FAUX LEATHER PADDED JACKET brown,https://www.musinsa.com/products/5346759,https://image.msscdn.net/images/goods_img/20250821/5346759/5346759_17569420492787_500.jpg
79,모던 비건 레더 바이커 자켓 [블랙],https://www.musinsa.com/products/4806091,https://image.msscdn.net/images/goods_img/20250219/4806091/4806091_17399509490969_500.jpg
80,[서강준PICK] 인시전 레더 블루종 자켓 [BLACK],https://www.musinsa.com/products/3783694,https://image.msscdn.net/images/goods_img/20240109/3783694/3783694_17568603377156_500.jpg
81,465-3 VEGAN LEATHER OVERFIT JACKET_BLACK,https://www.musinsa.com/products/2093254,https://image.msscdn.net/images/goods_img/20210827/2093254/2093254_1_500.jpg
82,FAUX LEATHER 디트로이트 워크 자켓_블랙,https://www.musinsa.com/products/5367975,https://image.msscdn.net/images/goods_img/20250827/5367975/5367975_17618008763353_500.jpg
83,비건 레더 오버핏 블루종 [블랙],https://www.musinsa.com/products/2140335,https://image.msscdn.net/images/goods_img/20210917/2140335/2140335_9_500.jpg
84,비건레더 스웨이드 바이커 자켓 브라운,https://www.musinsa.com/products/5250387,https://image.msscdn.net/images/goods_img/20250716/5250387/5250387_17527169286725_500.jpg
85,IRO156 인시전 플라켓 레더 자켓 아이보리,https://www.musinsa.com/products/2666357,https://image.msscdn.net/images/goods_img/20220715/2666357/2666357_17557588369936_500.jpg
86,DESTROYED COWHIDE LEATHER JACKET _ WASHED OLIVE,https://www.musinsa.com/products/5321929,https://image.msscdn.net/images/goods_img/20250813/5321929/5321929_17562181388692_500.jpg
87,[페이크 레더]오버핏 싱글 레더 라이더 자켓 _BLACK,https://www.musinsa.com/products/2184668,https://image.msscdn.net/images/goods_img/20211018/2184668/2184668_3_500.jpg
88,클래식 램스킨 자켓 [다크 브라운],https://www.musinsa.com/products/3441816,https://image.msscdn.net/images/goods_img/20230802/3441816/3441816_17616287746981_500.jpg
89,플라잉 무스탕 자켓 - 블랙,https://www.musinsa.com/products/4424761,https://image.msscdn.net/images/goods_img/20240910/4424761/4424761_17260189271995_500.jpg
90,빈티지 트랙 바이커 레더 점퍼 - 브라운,https://www.musinsa.com/products/4287889,https://image.msscdn.net/images/goods_img/20240801/4287889/4287889_17394098566884_500.jpg
91,바이커 싱글 스웨이드 자켓 [BLACK],https://www.musinsa.com/products/3438294,https://image.msscdn.net/images/goods_img/20230801/3438294/3438294_17567997445090_500.jpg
92,코티드 램스킨 레더 블루종 자켓 브라운,https://www.musinsa.com/products/4705631,https://image.msscdn.net/images/goods_img/20250108/4705631/4705631_17393471827947_500.jpg
93,FAUX LEATHER 디트로이트 워크 자켓_다크 브라운,https://www.musinsa.com/products/5367974,https://image.msscdn.net/images/goods_img/20250827/5367974/5367974_17618008442813_500.jpg
94,페이디드 신세틱 레더 레이서 재킷 [블랙],https://www.musinsa.com/products/4671616,https://image.msscdn.net/images/goods_img/20241218/4671616/4671616_17412433995065_500.jpg
95,다이에그널 레더 블루종 - 블랙,https://www.musinsa.com/products/5451648,https://image.msscdn.net/images/goods_img/20250912/5451648/5451648_17579971161639_500.jpg
96,DV.LOT 695 Type A-2 Vegetable Calfskin 1mm Teacore -Black/Brown rib,https://www.musinsa.com/products/3716797,https://image.msscdn.net/images/goods_img/20231116/3716797/3716797_17001225005765_500.jpg
97,투톤 레더 트러커 자켓,https://www.musinsa.com/products/5323485,https://image.msscdn.net/images/goods_img/20250814/5323485/5323485_17564524116980_500.jpg
98,[노홍철 컬래버] 럭키 가이 신세틱 레더 카코트 [블랙],https://www.musinsa.com/products/5258797,https://image.msscdn.net/images/goods_img/20250721/5258797/5258797_17580650261571_500.jpg
99,[노윤서 착장] 리버서블 신세틱 레더 후드 블랙,https://www.musinsa.com/products/4457941,https://image.msscdn.net/images/goods_img/20240924/4457941/4457941_17297326653581_500.jpg
100,세미 크롭 스웨이드 클래식 집업 자켓 - 4 COLOR,https://www.musinsa.com/products/5678736,https://image.msscdn.net/images/goods_img/20251103/5678736/5678736_17623021121051_500.jpg
101,WASHED LEATHER JK (BLACK),https://www.musinsa.com/products/4733569,https://image.msscdn.net/images/goods_img/20250121/4733569/4733569_17395254445590_500.jpg
102,PU 미니멀 레더 자켓_블랙,https://www.musinsa.com/products/5367971,https://image.msscdn.net/images/goods_img/20250827/5367971/5367971_17622400737646_500.jpg
103,램스 베지터블 A-2 블루종 (블랙),https://www.musinsa.com/products/5609023,https://image.msscdn.net/images/goods_img/20251017/5609023/5609023_17606849338363_500.jpg
104,TEA-CORE LEATHER SPORTS JACKET_VINTAGE BLACK,https://www.musinsa.com/products/5392241,https://image.msscdn.net/images/goods_img/20250902/5392241/5392241_17574838136005_500.jpg
105,스웨이드 블루종 자켓_카멜브라운,https://www.musinsa.com/products/4798187,https://image.msscdn.net/images/goods_img/20250218/4798187/4798187_17411609399561_500.jpg
106,IRO162 차이나 스티치 레더 자켓 아이보리,https://www.musinsa.com/products/2666380,https://image.msscdn.net/images/goods_img/20220715/2666380/2666380_17557588660952_500.jpg
107,[Vegetable Leather] Washed Sheepskin Coach Jacket Black,https://www.musinsa.com/products/5387291,https://image.msscdn.net/images/goods_img/20250902/5387291/5387291_17568906540822_500.jpg
108,DV.LOT 695 Type A-2 Vegetable Calfskin 1mm Teacore Black/Black rib-,https://www.musinsa.com/products/3698482,https://image.msscdn.net/images/goods_img/20231108/3698482/3698482_17001220951843_500.jpg
109,카라 디테처블 A2 레더 자켓 - 다크 브라운,https://www.musinsa.com/products/5338866,https://image.msscdn.net/images/goods_img/20250819/5338866/5338866_17609211513508_500.jpg
110,프리미엄 오버핏  램스킨 베지터블 보머 자켓,https://www.musinsa.com/products/2307209,https://image.msscdn.net/images/goods_img/20220113/2307209/2307209_17171356262235_500.jpg
111,ITALY LAMBSKIN SINGLE JACKET [BLACK EDITION],https://www.musinsa.com/products/5580459,https://image.msscdn.net/images/goods_img/20251013/5580459/5580459_17604191961188_500.jpg
112,A-2 레더 블루종 자켓 [BLACK],https://www.musinsa.com/products/5363202,https://image.msscdn.net/images/goods_img/20250826/5363202/5363202_17588499586265_500.jpg
113,Motorcycle Synthetic leather Jacket Brown,https://www.musinsa.com/products/4344462,https://image.msscdn.net/images/goods_img/20240819/4344462/4344462_17512527027183_500.jpg
114,신세틱 스웨이드 미니멀 웨스턴 재킷 [블랙],https://www.musinsa.com/products/4209355,https://image.msscdn.net/images/goods_img/20240620/4209355/4209355_17364984482027_500.jpg
115,고트 스킨 파일럿 레더 점퍼 (다크그레이시그린),https://www.musinsa.com/products/5350838,https://image.msscdn.net/images/goods_img/20250821/5350838/5350838_17562763625839_500.png
116,87-STAN009 [리뉴얼] 스탠다드 블루종 스웨이드 자켓 크랙 다크브라운,https://www.musinsa.com/products/5278189,https://image.msscdn.net/images/goods_img/20250729/5278189/5278189_17550709033087_500.jpg
117,워싱 레더 집업 트러커,https://www.musinsa.com/products/5289721,https://image.msscdn.net/images/goods_img/20250804/5289721/5289721_17574039107259_500.jpg
118,오버핏 투웨이 비건레더 자켓_Black,https://www.musinsa.com/products/3785805,https://image.msscdn.net/images/goods_img/20240110/3785805/3785805_17362311160689_500.jpg
119,Minimal Rider soft-Leather Jacket J22 Black,https://www.musinsa.com/products/2731658,https://image.msscdn.net/images/goods_img/20220822/2731658/2731658_17198190257718_500.jpg
120,인시전 비건레더 카라 자켓_BLACK,https://www.musinsa.com/products/3791932,https://image.msscdn.net/images/goods_img/20240112/3791932/3791932_17624831099735_500.jpg
121,TEA-CORE LEATHER SPORTS JACKET_BLACK,https://www.musinsa.com/products/5392250,https://image.msscdn.net/images/goods_img/20250902/5392250/5392250_17610282833721_500.jpg
122,[COUTURE]절개변형레더블루종 - 2color MYJP6171,https://www.musinsa.com/products/2707453,https://image.msscdn.net/images/goods_img/20220809/2707453/2707453_17600802444845_500.jpg
123,맨즈 램스킨 레이서 자켓 [BK],https://www.musinsa.com/products/4350018,https://image.msscdn.net/images/goods_img/20240820/4350018/4350018_17616282259791_500.jpg
124,앤틱 카우 레더 트러커 자켓 (블랙),https://www.musinsa.com/products/5286938,https://image.msscdn.net/images/goods_img/20250801/5286938/5286938_17575687393069_500.jpg
125,[패션튜브삭형PICK] [리얼 레더] 카우 스웨이드 트러커 자켓 (애쉬브라운),https://www.musinsa.com/products/4379944,https://image.msscdn.net/images/goods_img/20240828/4379944/4379944_17591065339283_500.jpg
126,Piping Leather Blouson (Black),https://www.musinsa.com/products/3905624,https://image.msscdn.net/images/goods_img/20240227/3905624/3905624_17319936961982_500.jpg
127,442 비건레더 빈티지 싱글자켓_브라운,https://www.musinsa.com/products/2290183,https://image.msscdn.net/images/goods_img/20220104/2290183/2290183_2_500.jpg
128,Motorcycle Piping Leather Jacket Brown,https://www.musinsa.com/products/5431522,https://image.msscdn.net/images/goods_img/20250909/5431522/5431522_17576652503885_500.jpg
129,이스트 스타 스웨이드 블루종 브라운,https://www.musinsa.com/products/5726825,https://image.msscdn.net/images/goods_img/20251113/5726825/5726825_17630018693341_500.jpg
130,페이크 레더 웨스턴 자켓 - BLACK,https://www.musinsa.com/products/4766076,https://image.msscdn.net/images/goods_img/20250206/4766076/4766076_17388403183951_500.jpg
131,고트 스킨 파일럿 레더 점퍼 (블랙),https://www.musinsa.com/products/5350835,https://image.msscdn.net/images/goods_img/20250821/5350835/5350835_17562763672255_500.png
132,빈티지 오버핏 무스탕 자켓,https://www.musinsa.com/products/4555140,https://image.msscdn.net/images/goods_img/20241024/4555140/4555140_17298173201152_500.jpg
133,Car Coat (Faux Leather) Black,https://www.musinsa.com/products/5458255,https://image.msscdn.net/images/goods_img/20250915/5458255/5458255_17580118668956_500.jpg
134,신세틱 스웨이드 워크 재킷 [더스티 카키],https://www.musinsa.com/products/5205772,https://image.msscdn.net/images/goods_img/20250625/5205772/5205772_17556733181139_500.jpg
135,[서강준PICK] 레이어 미니멀 스웨이드 자켓 [BROWN],https://www.musinsa.com/products/5290700,https://image.msscdn.net/images/goods_img/20250804/5290700/5290700_17567147283857_500.jpg
136,Welt Pocket Faux Leather Jacket 8(Brown),https://www.musinsa.com/products/5272564,https://image.msscdn.net/images/goods_img/20250725/5272564/5272564_17543808487601_500.jpg
137,프리미엄 베지터블 A-2 자켓 BROWN,https://www.musinsa.com/products/4497727,https://image.msscdn.net/images/goods_img/20241008/4497727/4497727_17645696821961_500.jpg
138,BANDCOLLAR LEATHER JACKET_BLACK_LC253JK01BK,https://www.musinsa.com/products/4808034,https://image.msscdn.net/images/goods_img/20250220/4808034/4808034_17570294676669_500.jpg
139,DEV:7 SUADE MIX JACKET_BROWN,https://www.musinsa.com/products/5333421,https://image.msscdn.net/images/goods_img/20250818/5333421/5333421_17568586034425_500.jpg
140,하이넥 레이어드 레더 자켓 2color,https://www.musinsa.com/products/5469562,https://image.msscdn.net/images/goods_img/20250916/5469562/5469562_17580904470633_500.jpg
141,신세틱 레더 크롭 바이커자켓 - 블랙,https://www.musinsa.com/products/3543955,https://image.msscdn.net/images/goods_img/20230908/3543955/3543955_16976155937250_500.jpg
142,스웨이드 집업 블루종 자켓 [블랙],https://www.musinsa.com/products/5359897,https://image.msscdn.net/images/goods_img/20250825/5359897/5359897_17568873295686_500.jpg
143,FAKE LEATHER SINGLE JACKET [BLACK],https://www.musinsa.com/products/5625871,https://image.msscdn.net/images/goods_img/20251022/5625871/5625871_17612064621275_500.jpg
144,페이크 스웨이드 패딩 푸퍼  그레이,https://www.musinsa.com/products/4596313,https://image.msscdn.net/images/goods_img/20241107/4596313/4596313_17309594774519_500.jpg
145,25 FW 노카라 크롭 자켓_레더 (블랙),https://www.musinsa.com/products/5328134,https://image.msscdn.net/images/goods_img/20250817/5328134/5328134_17582707644887_500.jpg
146,알렉스 레더 자켓 GKCJK64 (BROWN),https://www.musinsa.com/products/5325058,https://image.msscdn.net/images/goods_img/20250814/5325058/5325058_17574079535865_500.jpg
147,DV.LOT 708 A-2 Horsehide Type Vegetable Tanned Calfskin - Seal brown,https://www.musinsa.com/products/4441947,https://image.msscdn.net/images/goods_img/20240918/4441947/4441947_17266506537032_500.jpg
148,A 패치 울 & 레더 바시티 자켓 awa691m(BLACK),https://www.musinsa.com/products/4443198,https://image.msscdn.net/images/goods_img/20240919/4443198/4443198_17404688485018_500.jpg
149,램스킨 오버사이즈 트랙 재킷 [블랙],https://www.musinsa.com/products/1620076,https://image.msscdn.net/images/goods_img/20200923/1620076/1620076_17140093973078_500.jpg
150,신세틱 레더 오버사이즈 블루종 재킷 [블랙],https://www.musinsa.com/products/4356848,https://image.msscdn.net/images/goods_img/20240822/4356848/4356848_17308518687145_500.jpg
151,고트 스킨 포켓 트러커 자켓 (블랙),https://www.musinsa.com/products/5350827,https://image.msscdn.net/images/goods_img/20250821/5350827/5350827_17566931350728_500.png
152,램스 레더 벨티드 크롭 자켓 (버건디),https://www.musinsa.com/products/5615701,https://image.msscdn.net/images/goods_img/20251020/5615701/5615701_17609460557166_500.jpg
153,빈티지 레더 후드자켓 (블랙),https://www.musinsa.com/products/4704050,https://image.msscdn.net/images/goods_img/20250108/4704050/4704050_17376781260297_500.jpg
154,[페이크 레더]  오버핏 포켓 밴딩 점퍼_BLACK,https://www.musinsa.com/products/2184537,https://image.msscdn.net/images/goods_img/20211018/2184537/2184537_16727310054473_500.jpg
155,EMBOSSED CROSS FAUX LEATHER HOODED JACKET -BLACK,https://www.musinsa.com/products/5513183,https://image.msscdn.net/images/goods_img/20250923/5513183/5513183_17586030443380_500.jpg
156,크롭 스웨이드 바이커 자켓_BLACK,https://www.musinsa.com/products/5424793,https://image.msscdn.net/images/goods_img/20250909/5424793/5424793_17610982290883_500.jpg
157,블레이즈 카우하이드 레더 자켓 번트브라운,https://www.musinsa.com/products/3788420,https://image.msscdn.net/images/goods_img/20240111/3788420/3788420_17624077440618_500.png
158,램스킨 싱글 라이더 재킷 [블랙],https://www.musinsa.com/products/1619420,https://image.msscdn.net/images/goods_img/20200923/1619420/1619420_17140096627710_500.jpg
159,[리뉴얼] 풀업 스웨이드 클래식 싱글 자켓 모카,https://www.musinsa.com/products/4347122,https://image.msscdn.net/images/goods_img/20240820/4347122/4347122_17253284523829_500.jpg
160,FAKE LEATHER A-2 JACKET [BLACK],https://www.musinsa.com/products/5625883,https://image.msscdn.net/images/goods_img/20251022/5625883/5625883_17612065556767_500.jpg
161,피치 트윌 숏 점퍼  블랙,https://www.musinsa.com/products/4451602,https://image.msscdn.net/images/goods_img/20240923/4451602/4451602_17270602206061_500.jpg
162,빈티지 트랙 바이커 레더 점퍼 - 블랙,https://www.musinsa.com/products/3442701,https://image.msscdn.net/images/goods_img/20230803/3442701/3442701_16926894285439_500.jpg
163,Nostalgic Leather Jacket-Dark Brown,https://www.musinsa.com/products/4888522,https://image.msscdn.net/images/goods_img/20250312/4888522/4888522_17419270957808_500.jpg
164,High-Neck Leather Jacket (Brown),https://www.musinsa.com/products/5316506,https://image.msscdn.net/images/goods_img/20250812/5316506/5316506_17582549384296_500.jpg
165,Italian Lambskin Biker Jacket - Black,https://www.musinsa.com/products/5636831,https://image.msscdn.net/images/goods_img/20251023/5636831/5636831_17612150792794_500.jpg
166,465-3 빈티지 워싱 레더 자켓_브라운,https://www.musinsa.com/products/3804803,https://image.msscdn.net/images/goods_img/20240118/3804803/3804803_17254249283158_500.jpg
167,신세틱 레더 엑스트라 오버사이즈 싱글 재킷 [블랙],https://www.musinsa.com/products/2682044,https://image.msscdn.net/images/goods_img/20220726/2682044/2682044_16734358353339_500.jpg
168,램스 레더 벨티드 크롭 자켓 (블랙),https://www.musinsa.com/products/5615833,https://image.msscdn.net/images/goods_img/20251020/5615833/5615833_17609469617421_500.jpg
169,[Vegetable Leather] Washed Sheepskin Car Coat Black,https://www.musinsa.com/products/5387411,https://image.msscdn.net/images/goods_img/20250902/5387411/5387411_17574641332017_500.jpg
170,숄더 인시전 포인트 빈티지 윈터 패디드 라이더 레더 자켓 [브라운],https://www.musinsa.com/products/5708246,https://image.msscdn.net/images/goods_img/20251110/5708246/5708246_17627581354331_500.jpg
171,DESTROYED COWHIDE LEATHER JACKET _ WASHED NAVY,https://www.musinsa.com/products/5321928,https://image.msscdn.net/images/goods_img/20250813/5321928/5321928_17562182455145_500.jpg
172,타이슨 바이커 - 블랙,https://www.musinsa.com/products/2685207,https://image.msscdn.net/images/goods_img/20220727/2685207/2685207_3_500.jpg
173,[프리미엄] 람포 풀업 워시드 램스킨 블루종 브라운,https://www.musinsa.com/products/5496383,https://image.msscdn.net/images/goods_img/20250919/5496383/5496383_17582619027095_500.jpg
174,SPRAY LEATHER JACKET (BLACK),https://www.musinsa.com/products/4889290,https://image.msscdn.net/images/goods_img/20250312/4889290/4889290_17429700169290_500.jpg
175,퀼팅 A-2 블루종 레더 자켓_블랙,https://www.musinsa.com/products/5559687,https://image.msscdn.net/images/goods_img/20251001/5559687/5559687_17592969746532_500.jpg
176,PLMT 아트피셜 자켓(블랙),https://www.musinsa.com/products/1833604,https://image.msscdn.net/images/goods_img/20210309/1833604/1833604_1_500.jpg
177,리버시블 호피집엎 브라운,https://www.musinsa.com/products/5391801,https://image.msscdn.net/images/goods_img/20250902/5391801/5391801_17567974023990_500.jpg
178,비건 레더 오버핏 블루종 [브라운],https://www.musinsa.com/products/2140314,https://image.msscdn.net/images/goods_img/20210917/2140314/2140314_11_500.jpg
179,오버사이즈 포우 레더 블루종 (블랙),https://www.musinsa.com/products/4833588,https://image.msscdn.net/images/goods_img/20250225/4833588/4833588_17404843449659_500.jpg
180,[MEN] 신세틱 블루종 레더 점퍼_블랙 9155361121,https://www.musinsa.com/products/5420179,https://image.msscdn.net/images/goods_img/20250908/5420179/5420179_17579222661397_500.jpg
